t_s,dt_s,fase,north_m,east_m,down_m,altitude_m,erro_norte_m,erro_leste_m,erro_radial_m,v_norte_ms,v_leste_ms,v_down_ms,t_telemetria_ms,t_calculo_ms
0.0243,0.0243,horizontal,-3.4509,-0.4813,-14.3091,14.3091,2.9591,3.5019,4.5847,0.8877,1.0506,0.0,24.239,0.0044
0.288,0.2638,horizontal,-3.451,-0.4795,-14.3098,14.3098,2.9592,3.5001,4.5834,0.8878,1.05,0.0,12.633,0.0047
0.556,0.268,horizontal,-3.4077,-0.4281,-14.3067,14.3067,2.9159,3.4487,4.5162,0.8748,1.0346,0.0,16.236,0.0043
0.8256,0.2697,horizontal,-3.2891,-0.2909,-14.2946,14.2946,2.7973,3.3115,4.3349,0.8392,0.9935,0.0,16.826,0.0038
1.0879,0.2623,horizontal,-3.1376,-0.1167,-14.2789,14.2789,2.6458,3.1373,4.104,0.7937,0.9412,0.0,10.293,0.0075
1.3561,0.2681,horizontal,-2.9573,0.094,-14.2652,14.2652,2.4655,2.9266,3.8267,0.7396,0.878,0.0,16.45,0.0048
1.6243,0.2682,horizontal,-2.7583,0.3269,-14.2527,14.2527,2.2665,2.6937,3.5204,0.6799,0.8081,0.0,16.432,0.0047
1.8874,0.2632,horizontal,-1.9084,1.3675,-14.1883,14.1883,1.4166,1.6531,2.1771,0.425,0.4959,0.0,11.5,0.0048
2.1511,0.2637,horizontal,-1.6458,1.6906,-14.1639,14.1639,1.154,1.33,1.7609,0.3462,0.399,0.0,11.889,0.0052
2.4095,0.2584,horizontal,-1.4811,1.9036,-14.142,14.142,0.9893,1.117,1.4921,0.2968,0.3351,0.0,6.784,0.0044
2.6902,0.2807,horizontal,-1.3361,2.0914,-14.1241,14.1241,0.8443,0.9292,1.2555,0.2533,0.2788,0.0,29.727,0.0042
2.9462,0.256,horizontal,-1.2296,2.2289,-14.1123,14.1123,0.7378,0.7917,1.0822,0.2213,0.2375,0.0,4.83,0.0046
3.2103,0.2642,horizontal,-1.1427,2.3474,-14.0952,14.0952,0.6509,0.6732,0.9364,0.1953,0.202,0.0,12.301,0.0054
3.4762,0.2659,horizontal,-1.0657,2.4529,-14.0757,14.0757,0.5739,0.5677,0.8073,0.1722,0.1703,0.0,13.894,0.0046
3.7389,0.2627,horizontal,-1.0,2.5396,-14.0607,14.0607,0.5082,0.481,0.6997,0.1525,0.1443,0.0,10.869,0.0041
4.006,0.2671,horizontal,-0.9457,2.6168,-14.0429,14.0429,0.4539,0.4038,0.6075,0.1362,0.1211,0.0,15.233,0.0072
4.2743,0.2682,horizontal,-0.9018,2.6857,-14.0255,14.0255,0.41,0.3349,0.5294,0.123,0.1005,0.0,16.354,0.0043
4.5382,0.2639,horizontal,-0.8656,2.7416,-14.0143,14.0143,0.3738,0.279,0.4664,0.1121,0.0837,0.0,12.138,0.0048
4.8084,0.2703,horizontal,-0.8395,2.791,-14.0005,14.0005,0.3477,0.2296,0.4167,0.1043,0.0689,0.0,18.32,0.0044
5.0745,0.266,horizontal,-0.8171,2.8289,-13.9865,13.9865,0.3253,0.1917,0.3776,0.0976,0.0575,0.0,14.914,0.005
5.3384,0.264,horizontal,-0.7943,2.8588,-13.9761,13.9761,0.3025,0.1618,0.3431,0.0907,0.0485,0.0,12.952,0.0044
5.6065,0.2681,horizontal,-0.7736,2.8869,-13.9627,13.9627,0.2818,0.1337,0.3119,0.0845,0.0401,0.0,16.209,0.019
5.8744,0.268,horizontal,-0.7522,2.9122,-13.9489,13.9489,0.2604,0.1084,0.2821,0.0781,0.0325,0.0,16.892,0.0046
6.1387,0.2643,horizontal,-0.732,2.9338,-13.9375,13.9375,0.2402,0.0868,0.2554,0.0721,0.026,0.0,13.293,0.0055
6.4067,0.268,horizontal,-0.7124,2.957,-13.9212,13.9212,0.2206,0.0636,0.2296,0.0662,0.0191,0.0,15.799,0.006
6.6752,0.2686,horizontal,-0.6897,2.9754,-13.9037,13.9037,0.1979,0.0452,0.203,0.0594,0.0136,0.0,17.046,0.0053
6.9389,0.2636,horizontal,-0.6657,2.989,-13.8907,13.8907,0.1739,0.0316,0.1767,0.0522,0.0095,0.0,10.859,0.0047
7.207,0.2681,horizontal,-0.6389,3.0021,-13.874,13.874,0.1471,0.0185,0.1482,0.0441,0.0056,0.0,16.689,0.0051
7.4761,0.2691,horizontal,-0.6165,3.014,-13.859,13.859,0.1247,0.0066,0.1249,0.0374,0.002,0.0,17.089,0.0044
7.7391,0.2631,horizontal,-0.5965,3.022,-13.8492,13.8492,0.1047,-0.0014,0.1047,0.0314,-0.0004,0.0,11.023,0.0042
8.0074,0.2683,horizontal,-0.5745,3.0269,-13.8372,13.8372,0.0827,-0.0063,0.0829,0.0248,-0.0019,0.0,17.353,0.0054
8.2751,0.2677,horizontal,-0.5523,3.0314,-13.8238,13.8238,0.0605,-0.0108,0.0614,0.0,0.0,0.0,14.538,0.0032
8.3762,0.1012,descida,-0.5454,3.0328,-13.8209,13.8209,0.0536,-0.0122,0.0549,0.0161,-0.0037,0.8,36.671,0.0116
8.6396,0.2633,descida,-0.5266,3.0378,-13.7363,13.7363,0.0348,-0.0172,0.0388,0.0104,-0.0052,0.8,12.197,0.0104
8.9081,0.2686,descida,-0.5106,3.0415,-13.5141,13.5141,0.0188,-0.0209,0.0281,0.0056,-0.0063,0.8,16.71,0.0106
9.176,0.2678,descida,-0.4952,3.0459,-13.2834,13.2834,0.0034,-0.0253,0.0255,0.001,-0.0076,0.8,16.855,0.0112
9.44,0.2641,descida,-0.4826,3.051,-13.0529,13.0529,-0.0092,-0.0304,0.0317,-0.0028,-0.0091,0.8,12.851,0.0134
9.7079,0.2679,descida,-0.472,3.0565,-12.8191,12.8191,-0.0198,-0.0359,0.041,-0.0059,-0.0108,0.8,16.425,0.0116
9.9761,0.2683,descida,-0.4609,3.0601,-12.5905,12.5905,-0.0309,-0.0395,0.0501,-0.0093,-0.0118,0.8,15.891,0.0119
10.2401,0.2639,descida,-0.4517,3.0607,-12.3638,12.3638,-0.0401,-0.0401,0.0567,-0.012,-0.012,0.8,12.894,0.0118
10.5083,0.2682,descida,-0.4447,3.0588,-12.1343,12.1343,-0.0471,-0.0382,0.0606,-0.0141,-0.0115,0.8,16.612,0.0112
10.7761,0.2678,descida,-0.4347,3.0483,-11.9131,11.9131,-0.0571,-0.0277,0.0635,-0.0171,-0.0083,0.8,16.09,0.0113
11.0403,0.2642,descida,-0.4258,3.0346,-11.6925,11.6925,-0.066,-0.014,0.0675,-0.0198,-0.0042,0.8,12.741,0.0107
11.308,0.2677,descida,-0.4203,3.0215,-11.4685,11.4685,-0.0715,-0.0009,0.0715,-0.0215,-0.0003,0.8,16.393,0.0116
11.5762,0.2682,descida,-0.4119,3.0055,-11.2478,11.2478,-0.0799,0.0151,0.0813,-0.024,0.0045,0.8,17.109,0.0126
11.8402,0.264,descida,-0.404,2.9914,-11.0276,11.0276,-0.0878,0.0292,0.0926,-0.0263,0.0088,0.8,12.892,0.0119
12.1082,0.268,descida,-0.3991,2.9798,-10.8056,10.8056,-0.0927,0.0408,0.1013,-0.0278,0.0122,0.8,16.964,0.0118
12.3762,0.268,descida,-0.3937,2.9642,-10.5847,10.5847,-0.0981,0.0564,0.1132,-0.0294,0.0169,0.8,16.169,0.013
12.64,0.2637,descida,-0.3895,2.9484,-10.3686,10.3686,-0.1023,0.0722,0.1252,-0.0307,0.0217,0.8,12.279,0.0116
12.9081,0.2681,descida,-0.3888,2.936,-10.149,10.149,-0.103,0.0846,0.1333,-0.0309,0.0254,0.8,15.808,0.0108
13.1763,0.2682,descida,-0.3837,2.9168,-9.9278,9.9278,-0.1081,0.1038,0.1499,-0.0324,0.0311,0.8,16.586,0.0118
13.4402,0.264,descida,-0.3826,2.9005,-9.7108,9.7108,-0.1092,0.1201,0.1624,-0.0328,0.036,0.8,11.389,0.0122
13.7082,0.268,descida,-0.3836,2.8884,-9.4922,9.4922,-0.1082,0.1322,0.1709,-0.0325,0.0397,0.8,17.158,0.0116
13.977,0.2687,descida,-0.3804,2.8666,-9.2751,9.2751,-0.1114,0.154,0.1901,-0.0334,0.0462,0.8,17.109,0.0117
14.2424,0.2655,descida,-0.3787,2.8459,-9.0588,9.0588,-0.1131,0.1747,0.2081,-0.0339,0.0524,0.8,13.731,0.0112
14.5081,0.2657,descida,-0.3797,2.832,-8.8406,8.8406,-0.1121,0.1886,0.2194,-0.0336,0.0566,0.8,13.953,0.0138
14.7761,0.268,descida,-0.3785,2.8173,-8.623,8.623,-0.1133,0.2033,0.2328,-0.034,0.061,0.8,16.797,0.0113
15.0412,0.2651,descida,-0.3789,2.8097,-8.4077,8.4077,-0.1129,0.2109,0.2393,-0.0339,0.0633,0.8,13.878,0.0117
15.3103,0.269,descida,-0.3822,2.8103,-8.191,8.191,-0.1096,0.2103,0.2372,-0.0329,0.0631,0.8,18.15,0.0129
15.5791,0.2689,descida,-0.3809,2.8087,-7.9739,7.9739,-0.1109,0.2119,0.2392,-0.0333,0.0636,0.8,17.382,0.0118
15.8431,0.2639,descida,-0.3828,2.809,-7.7591,7.7591,-0.109,0.2116,0.2381,-0.0327,0.0635,0.8,11.153,0.0131
16.1112,0.2682,descida,-0.3879,2.8137,-7.5439,7.5439,-0.1039,0.2069,0.2316,-0.0312,0.0621,0.8,16.294,0.0121
16.3792,0.268,descida,-0.3946,2.8127,-7.3295,7.3295,-0.0972,0.2079,0.2295,-0.0292,0.0624,0.8,16.308,0.0112
16.6431,0.2639,descida,-0.4002,2.8139,-7.1181,7.1181,-0.0916,0.2067,0.2261,-0.0275,0.062,0.8,11.256,0.0131
16.9111,0.2681,descida,-0.4066,2.8206,-6.9033,6.9033,-0.0852,0.2,0.2174,-0.0256,0.06,0.8,16.807,0.0138
17.1793,0.2682,descida,-0.4131,2.8268,-6.686,6.686,-0.0787,0.1938,0.2092,-0.0236,0.0581,0.8,16.65,0.0137
17.4432,0.2639,descida,-0.4169,2.8329,-6.4728,6.4728,-0.0749,0.1877,0.2021,-0.0225,0.0563,0.8,10.744,0.0119
17.7116,0.2685,descida,-0.4198,2.8417,-6.2592,6.2592,-0.072,0.1789,0.1929,-0.0216,0.0537,0.8,16.636,0.0133
17.9796,0.2679,descida,-0.4233,2.8413,-6.0447,6.0447,-0.0685,0.1793,0.192,-0.0206,0.0538,0.8,16.297,0.0128
18.2435,0.264,descida,-0.4288,2.8429,-5.8313,5.8313,-0.063,0.1777,0.1886,-0.0189,0.0533,0.8,11.299,0.0115
18.512,0.2685,descida,-0.4351,2.8464,-5.616,5.616,-0.0567,0.1742,0.1832,-0.017,0.0523,0.8,16.438,0.013
18.7801,0.2681,descida,-0.4347,2.8445,-5.4,5.4,-0.0571,0.1761,0.1852,-0.0171,0.0528,0.8,16.131,0.0118
19.044,0.2638,descida,-0.4341,2.8434,-5.1878,5.1878,-0.0577,0.1772,0.1864,-0.0173,0.0532,0.8,12.633,0.0118
19.3122,0.2682,descida,-0.4359,2.8451,-4.9743,4.9743,-0.0559,0.1755,0.1842,-0.0168,0.0527,0.8,16.604,0.0135
19.58,0.2678,descida,-0.4385,2.8414,-4.7615,4.7615,-0.0533,0.1792,0.187,-0.016,0.0538,0.8,15.837,0.0111
19.844,0.2641,descida,-0.439,2.8418,-4.5496,4.5496,-0.0528,0.1788,0.1865,-0.0158,0.0536,0.8,12.834,0.01
20.1121,0.268,descida,-0.4392,2.8473,-4.335,4.335,-0.0526,0.1733,0.1811,-0.0158,0.052,0.8,16.855,0.0118
20.3801,0.268,descida,-0.4359,2.8466,-4.1175,4.1175,-0.0559,0.174,0.1828,-0.0168,0.0522,0.8,16.324,0.0114
20.644,0.2639,descida,-0.4319,2.8504,-3.9029,3.9029,-0.0599,0.1702,0.1805,-0.018,0.0511,0.8,12.235,0.0124
20.9122,0.2681,descida,-0.4284,2.8583,-3.6874,3.6874,-0.0634,0.1623,0.1743,-0.019,0.0487,0.8,16.59,0.0129
21.1801,0.2679,descida,-0.4234,2.8692,-3.4732,3.4732,-0.0684,0.1514,0.1662,-0.0205,0.0454,0.8,14.899,0.0123
21.4441,0.264,descida,-0.4214,2.8797,-3.2624,3.2624,-0.0704,0.1409,0.1575,-0.0211,0.0423,0.8,12.442,0.0126
21.712,0.2678,descida,-0.4222,2.8904,-3.0485,3.0485,-0.0696,0.1302,0.1477,-0.0209,0.0391,0.8,14.927,0.0115
21.9801,0.2681,descida,-0.4265,2.8965,-2.8336,2.8336,-0.0653,0.1241,0.1403,-0.0196,0.0372,0.8,16.726,0.0121
22.245,0.2649,descida,-0.4304,2.9046,-2.6228,2.6228,-0.0614,0.116,0.1313,-0.0184,0.0348,0.8,13.018,0.0112
22.5122,0.2673,descida,-0.4355,2.9141,-2.4104,2.4104,-0.0563,0.1065,0.1205,-0.0169,0.032,0.8,16.22,0.0124
22.7802,0.268,descida,-0.4385,2.9231,-2.1981,2.1981,-0.0533,0.0975,0.1112,-0.016,0.0293,0.8,16.98,0.0141
23.0442,0.264,descida,-0.4403,2.9314,-1.9876,1.9876,-0.0515,0.0892,0.103,-0.0155,0.0268,0.8,11.019,0.0114
23.3123,0.268,descida,-0.4412,2.9398,-1.7748,1.7748,-0.0506,0.0808,0.0954,-0.0152,0.0242,0.8,16.911,0.0141
23.5801,0.2679,descida,-0.4446,2.9473,-1.5609,1.5609,-0.0472,0.0733,0.0872,-0.0142,0.022,0.8,16.783,0.0112
23.8441,0.264,descida,-0.4501,2.9522,-1.3506,1.3506,-0.0417,0.0684,0.0801,-0.0125,0.0205,0.8,12.206,0.0114
24.1136,0.2695,descida,-0.4546,2.9568,-1.1378,1.1378,-0.0372,0.0638,0.0739,-0.0112,0.0191,0.8,17.006,0.0119
24.3824,0.2688,descida,-0.4549,2.9583,-0.9223,0.9223,-0.0369,0.0623,0.0724,-0.0111,0.0187,0.8,17.528,0.0137
24.6474,0.265,descida,-0.4561,2.9616,-0.7099,0.7099,-0.0357,0.059,0.069,-0.0107,0.0177,0.5899,12.999,0.0158
24.915,0.2676,descida,-0.4584,2.9667,-0.5226,0.5226,-0.0334,0.0539,0.0634,-0.01,0.0162,0.4026,15.815,0.0117
25.1831,0.2682,descida,-0.4588,2.9664,-0.3867,0.3867,-0.033,0.0542,0.0635,-0.0099,0.0163,0.2667,16.712,0.013
25.4471,0.264,descida,-0.459,2.967,-0.2958,0.2958,-0.0328,0.0536,0.0629,-0.0098,0.0161,0.1758,12.575,0.0156
25.7157,0.2685,descida,-0.4631,2.9675,-0.2772,0.2772,-0.0287,0.0531,0.0604,-0.0086,0.0159,0.1572,17.066,0.1094
25.984,0.2683,descida,-0.4637,2.9687,-0.2554,0.2554,-0.0281,0.0519,0.0591,-0.0084,0.0156,0.1354,15.835,0.0157
26.2482,0.2643,descida,-0.4639,2.9673,-0.2431,0.2431,-0.0279,0.0533,0.0602,-0.0084,0.016,0.1231,13.04,0.0177
26.5161,0.2678,descida,-0.4662,2.9661,-0.2392,0.2392,-0.0256,0.0545,0.0602,-0.0077,0.0164,0.1192,15.859,0.0179
26.7839,0.2679,descida,-0.4708,2.9658,-0.2321,0.2321,-0.021,0.0548,0.0587,0.0,0.0,0.0,16.579,0.0114
