altitude_cmd_m,altitude_med_m,altitude_ned_m,altitude_telemetria_m,alvo_leste_m,alvo_nome,alvo_norte_m,angulo_partida_rad,convergiu_horizontal,convergiu_vertical,criterio_parada,desvio_altitude_m,divergencia_altitude_m,down_final_m,down_toque_m,dt_medio_s,east_final_m,east_toque_m,ensaio,erro_alinhamento_m,erro_ref_m,erro_toque_leste_m,erro_toque_m,erro_toque_norte_m,erro_verdadeiro_leste_m,erro_verdadeiro_m,erro_verdadeiro_norte_m,estado_pouso,h_efetivo_m,img_leste_m,img_norte_m,indice,iteracoes,leste_partida_m,modo,motivo,norte_partida_m,north_final_m,north_toque_m,plano_m,px_detectado_x,px_detectado_y,px_final_x,px_final_y,raio_partida_m,rapidez_partida_ms,ref_leste_m,ref_norte_m,referencial_coerente,rho_px_m,sucesso,t_calculo_medio_ms,t_deteccao_ms,t_telemetria_medio_ms,tempo_descida_s,tempo_horizontal_s,tempo_total_s,tolerancia_m
5.948,5.934,5.934,5.95,3.0,alvo_solo,-0.5,1.4391,1,1,altura,-0.014,0.016,-0.1682,-0.1612,0.26634,2.9384,2.9457,solo_001_h5.9_r1.0,0.0508,0.078,-0.0543,0.08,0.0587,-0.0616,0.0628,0.0123,IN_AIR,5.934,-0.09,-1.0153,1,472,3.137,solo,,0.531,-0.4877,-0.4413,0.0,417,319,427,251,1.04,0.0111,-0.09,-0.9073,1,77.81,1,0.0057,1.901,14.988,8.616,116.838,125.454,0.05
11.573,11.552,11.552,11.534,3.0,alvo_solo,-0.5,0.227,1,1,altura,-0.021,-0.018,-0.1838,-0.166,0.26577,2.9771,3.0008,solo_002_h11.6_r1.9,0.1349,0.1126,0.0008,0.2051,0.2051,-0.0229,0.2386,0.2375,IN_AIR,11.552,-1.8515,-0.3503,2,175,4.875,solo,,-0.067,-0.2625,-0.2949,0.0,350,254,422,251,1.924,0.0285,-1.8515,-0.2423,1,39.97,1,0.0077,0.79,15.098,15.064,31.205,46.269,0.05
9.828,9.818,9.818,9.798,3.0,alvo_solo,-0.5,5.3642,1,1,altura,-0.01,-0.02,-0.177,-0.1647,0.26489,3.006,2.9772,solo_003_h9.8_r4.7,0.0884,0.0549,-0.0228,0.0231,-0.0035,0.006,0.011,-0.0092,IN_AIR,9.818,-2.7856,3.5724,3,90,5.875,solo,,-4.268,-0.5092,-0.5035,0.0,293,72,420,242,4.739,0.01,-2.7856,3.6804,1,47.03,1,0.0097,0.845,15.199,13.972,9.625,23.597,0.05
6.672,6.625,6.625,7.36,3.0,alvo_solo,-0.5,4.414,1,1,altura,-0.047,0.735,-0.1847,-0.1676,0.26588,3.088,3.0749,solo_004_h6.7_r3.2,0.1478,0.0223,0.0749,0.0889,0.0479,0.088,0.1071,0.061,IN_AIR,6.625,1.1192,3.0563,4,231,2.05,solo,,-3.59,-0.439,-0.4521,0.0,502,27,414,257,3.233,0.0742,1.1192,3.1643,1,69.69,1,0.0062,0.742,15.003,6.772,54.401,61.173,0.05
14.358,14.307,14.307,15.103,3.0,alvo_solo,-0.5,3.8435,1,1,toque,-0.051,0.796,-0.2166,-0.2321,0.26495,2.9692,2.9658,solo_005_h14.4_r4.6,0.0592,0.0523,-0.0342,0.045,0.0292,-0.0308,0.0355,0.0176,IN_AIR,14.307,3.5016,2.8509,5,102,-0.495,solo,,-3.456,-0.4824,-0.4708,0.0,537,148,421,241,4.577,0.054,3.5016,2.9589,1,32.27,1,0.0112,0.745,15.11,18.509,8.275,26.784,0.062
7.614,7.576,7.576,7.41,3.0,alvo_solo,-0.5,2.8346,1,1,toque,-0.038,-0.166,-0.2251,-0.2429,0.26464,3.0327,3.0337,solo_006_h7.6_r3.1,0.0748,0.1547,0.0337,0.1083,-0.1029,0.0327,0.1211,-0.1166,IN_AIR,7.576,2.8223,-1.0009,6,79,0.014,solo,,0.447,-0.6166,-0.6029,0.0,596,301,424,250,3.133,0.0683,2.8223,-0.8929,1,60.94,1,0.0081,0.71,15.379,10.238,10.43,20.667,0.05
7.122,7.079,7.079,6.959,3.0,alvo_solo,-0.5,0.7838,1,1,toque,-0.043,-0.12,-0.1514,-0.1761,0.26522,3.0243,3.0137,solo_007_h7.1_r3.8,0.1046,0.0647,0.0137,0.0145,0.0046,0.0243,0.0245,-0.0031,IN_AIR,7.079,-2.6525,-2.7138,7,110,5.719,solo,,2.211,-0.5031,-0.4954,0.0,251,417,425,255,3.84,0.0531,-2.6525,-2.6058,1,65.22,1,0.0074,0.678,15.223,10.236,18.693,28.929,0.05
9.2,9.175,9.175,9.106,3.0,alvo_solo,-0.5,2.1119,1,1,altura,-0.025,-0.069,-0.1534,-0.1611,0.2647,2.9942,3.0848,solo_008_h9.2_r2.1,0.0817,0.0187,0.0848,0.091,0.0331,-0.0058,0.0148,0.0136,IN_AIR,9.175,1.0731,-1.8283,8,82,1.904,solo,,1.323,-0.4864,-0.4669,0.0,478,332,423,249,2.127,0.0272,1.0731,-1.7203,1,50.32,1,0.009,0.627,15.377,12.638,8.828,21.466,0.05
10.504,10.499,10.499,10.449,3.0,alvo_solo,-0.5,5.6495,1,1,altura,-0.005,-0.05,-0.174,-0.1641,0.26469,2.9141,2.9168,solo_009_h10.5_r5.4,0.1655,0.2117,-0.0832,0.0871,0.0258,-0.0859,0.0909,0.0296,IN_AIR,10.499,-4.1843,3.0245,9,99,7.367,solo,,-3.709,-0.4704,-0.4742,0.0,240,107,416,242,5.419,0.0588,-4.1843,3.1325,1,43.97,1,0.0089,0.675,14.931,14.239,11.719,25.958,0.05
17.332,17.317,17.317,17.225,3.0,alvo_solo,-0.5,4.628,1,1,altura,-0.015,-0.092,-0.1926,-0.1697,0.26541,3.0476,3.0394,solo_010_h17.3_r2.3,0.1125,0.0062,0.0394,0.1197,0.113,0.0476,0.103,0.0913,IN_AIR,17.317,0.2626,2.213,10,133,2.81,solo,,-2.745,-0.4087,-0.387,0.0,431,181,423,247,2.253,0.0266,0.2626,2.321,1,26.66,1,0.0094,0.776,15.101,21.961,13.093,35.053,0.075
15.302,15.293,15.293,15.288,3.0,alvo_solo,-0.5,2.3679,1,1,altura,-0.009,-0.005,-0.1555,-0.1449,0.26597,2.8929,2.9269,solo_011_h15.3_r1.9,0.1283,0.0787,-0.0731,0.0959,0.062,-0.1071,0.1224,0.0592,IN_AIR,15.293,1.2587,-1.325,11,235,1.646,solo,,0.823,-0.4408,-0.438,0.0,462,280,426,246,1.893,0.0384,1.2587,-1.217,1,30.19,1,0.007,0.641,15.125,19.842,42.417,62.26,0.0662
11.287,11.217,11.217,12.02,3.0,alvo_solo,-0.5,1.0988,1,1,toque,-0.07,0.803,-0.25,-0.2572,0.26437,3.1205,3.1084,solo_012_h11.3_r4.9,0.0963,0.1115,0.1084,0.1539,0.1092,0.1205,0.1634,0.1104,IN_AIR,11.217,-2.065,-4.2029,12,79,5.207,solo,,3.823,-0.3896,-0.3908,0.0,339,413,428,242,4.854,0.0764,-2.065,-4.0949,1,41.16,1,0.0102,1.052,15.055,14.764,5.876,20.64,0.05
13.89,13.827,13.827,13.656,3.0,alvo_solo,-0.5,2.5118,1,1,toque,-0.063,-0.171,-0.1918,-0.1968,0.26544,3.0918,3.0947,solo_013_h13.9_r3.7,0.0565,0.268,0.0947,0.228,0.2074,0.0918,0.2474,0.2297,IN_AIR,13.827,3.0547,-2.306,13,132,-0.03,solo,,1.708,-0.2703,-0.2926,0.0,526,317,422,241,3.749,0.0563,3.0547,-2.198,1,33.39,1,0.0084,1.073,15.102,16.633,18.165,34.797,0.0599
7.039,7.013,7.013,6.87,3.0,alvo_solo,-0.5,4.9402,1,1,altura,-0.026,-0.143,-0.173,-0.1638,0.26339,3.0979,3.1032,solo_014_h7.0_r3.3,0.0858,0.1215,0.1032,0.1707,-0.136,0.0979,0.1654,-0.1333,IN_AIR,7.013,-0.6684,2.9622,14,62,3.749,solo,,-3.733,-0.6333,-0.636,0.0,380,45,419,244,3.319,0.0264,-0.6684,3.0702,1,65.83,1,0.0105,0.726,14.872,9.967,6.12,16.087,0.05
6.058,6.011,6.011,6.714,3.0,alvo_solo,-0.5,0.2547,1,1,toque,-0.047,0.703,-0.2214,-0.2339,0.26529,3.1921,3.1928,solo_015_h6.1_r2.0,0.0323,0.2147,0.1928,0.2244,0.1149,0.1921,0.2245,0.1161,IN_AIR,6.011,-1.8616,-0.6249,15,127,4.897,solo,,-0.006,-0.3839,-0.3851,0.0,281,288,425,251,1.96,0.0669,-1.8616,-0.5169,1,76.81,1,0.0064,0.688,15.058,7.304,26.143,33.447,0.05
15.748,15.717,15.717,15.577,3.0,alvo_solo,-0.5,2.9054,1,1,toque,-0.031,-0.14,-0.1837,-0.2015,0.2653,2.9526,2.9634,solo_016_h15.7_r5.9,0.0952,0.041,-0.0366,0.06,0.0476,-0.0474,0.0785,0.0626,IN_AIR,15.717,5.6168,-1.4638,16,110,-2.734,solo,,0.88,-0.4374,-0.4524,0.0,589,283,423,245,5.897,0.0563,5.6168,-1.3558,1,29.38,1,0.01,0.624,15.258,19.845,9.094,28.939,0.0681
16.507,16.485,16.485,16.386,3.0,alvo_solo,-0.5,5.2481,1,1,altura,-0.022,-0.099,-0.1624,-0.1653,0.26515,2.9663,2.9674,solo_017_h16.5_r2.4,0.0505,0.0183,-0.0326,0.0448,0.0308,-0.0337,0.0338,-0.0028,IN_AIR,16.485,-1.2497,1.8924,17,101,4.202,solo,,-2.526,-0.5028,-0.4692,0.0,389,187,426,244,2.356,0.0359,-1.2497,2.0004,1,28.01,1,0.0111,0.841,15.352,21.705,4.837,26.542,0.0714
10.577,10.537,10.537,10.427,3.0,alvo_solo,-0.5,0.2452,1,1,altura,-0.04,-0.11,-0.1816,-0.1669,0.2656,2.8645,2.9086,solo_018_h10.6_r5.3,0.0845,0.2216,-0.0914,0.1276,-0.089,-0.1355,0.1786,-0.1164,IN_AIR,10.537,-5.0211,-1.3466,18,172,8.173,solo,,0.795,-0.6164,-0.589,0.0,204,299,423,249,5.332,0.0492,-5.0211,-1.2386,1,43.81,1,0.0075,0.8,14.99,14.242,31.201,45.443,0.05
6.418,,,,3.0,alvo_solo,-0.5,4.712,,,,,,,,,,,solo_019_h6.4_r3.6,,,,,,,,,,,,,19,,2.999,,alvo nao detectado na imagem,-4.134,,,0.0,,,,,3.634,,,,,,0,,,,,,,
6.53,6.518,6.518,6.342,3.0,alvo_solo,-0.5,3.715,1,1,altura,-0.012,-0.176,-0.1721,-0.1666,0.26558,2.9411,2.9785,solo_020_h6.5_r2.7,0.1535,0.1497,-0.0215,0.2064,0.2053,-0.0589,0.2364,0.2289,IN_AIR,6.518,2.1318,1.4965,20,160,0.75,solo,,-1.953,-0.2711,-0.2947,0.0,575,134,432,258,2.678,0.0617,2.1318,1.6045,1,70.83,1,0.0063,0.983,15.07,8.371,33.879,42.25,0.05
7.88,7.852,7.852,7.727,3.0,alvo_solo,-0.5,4.0584,1,1,altura,-0.028,-0.125,-0.1413,-0.1491,0.26491,2.9478,2.9738,solo_021_h7.9_r4.7,0.0452,0.2069,-0.0262,0.1876,0.1858,-0.0522,0.2002,0.1933,IN_AIR,7.852,2.7552,3.5035,21,105,0.149,solo,,-4.22,-0.3067,-0.3142,0.0,586,34,421,241,4.687,0.0374,2.7552,3.6115,1,58.8,1,0.0074,1.189,15.035,8.611,18.964,27.575,0.05
10.918,10.898,10.898,10.849,3.0,alvo_solo,-0.5,4.7455,1,1,altura,-0.02,-0.049,-0.1427,-0.1318,0.26561,2.8252,2.839,solo_022_h10.9_r3.0,0.1143,0.1207,-0.161,0.161,-0.0034,-0.1748,0.1772,-0.0291,IN_AIR,10.898,-0.2124,2.8324,22,162,3.099,solo,,-3.479,-0.5291,-0.5034,0.0,415,120,430,244,2.981,0.0315,-0.2124,2.9404,1,42.37,1,0.0073,0.646,14.949,13.427,29.358,42.785,0.05
6.82,6.785,6.785,6.702,3.0,alvo_solo,-0.5,0.9334,1,1,altura,-0.035,-0.083,-0.174,-0.1632,0.26591,3.0788,3.0429,solo_023_h6.8_r1.1,0.0417,0.0981,0.0429,0.0723,0.0582,0.0788,0.1076,0.0732,IN_AIR,6.785,-0.5731,-1.014,23,223,3.654,solo,,0.383,-0.4268,-0.4418,0.0,385,309,421,246,1.099,0.0582,-0.5731,-0.906,1,68.05,1,0.0062,0.909,15.182,9.435,49.618,59.053,0.05
13.331,13.328,13.328,13.325,3.0,alvo_solo,-0.5,6.1591,1,1,altura,-0.003,-0.003,-0.1887,-0.1663,0.26494,3.0218,3.0618,solo_024_h13.3_r3.1,0.1373,0.0813,0.0618,0.0619,0.0028,0.0218,0.0232,-0.0079,IN_AIR,13.328,-2.8578,0.3175,24,93,6.029,solo,,-0.878,-0.5079,-0.4972,0.0,325,229,423,245,3.052,0.0448,-2.8578,0.4255,1,34.64,1,0.0096,0.852,15.326,18.24,6.159,24.399,0.0577
15.04,14.97,14.97,15.823,3.0,alvo_solo,-0.5,6.0379,1,1,toque,-0.069,0.853,-0.2679,-0.2672,0.26516,3.0026,2.9951,solo_025_h15.0_r2.6,0.0426,0.1203,-0.0049,0.0653,-0.0651,0.0026,0.0773,-0.0773,IN_AIR,14.97,-2.5291,0.5512,25,105,5.483,solo,,-1.121,-0.5773,-0.5651,0.0,346,223,426,243,2.559,0.0648,-2.5291,0.6592,1,30.84,1,0.0097,1.051,15.302,20.376,7.222,27.598,0.0648
11.692,11.658,11.658,11.458,3.0,alvo_solo,-0.5,5.7349,1,1,altura,-0.034,-0.2,-0.1736,-0.1686,0.26437,2.9312,2.9356,solo_026_h11.7_r5.5,0.0856,0.1373,-0.0644,0.1233,0.1051,-0.0688,0.1342,0.1152,IN_AIR,11.658,-4.5197,2.7017,26,88,7.692,solo,,-3.366,-0.3848,-0.3949,0.0,245,133,421,246,5.498,0.0277,-4.5197,2.8097,1,39.6,1,0.009,0.943,14.881,14.196,8.825,23.021,0.0505
10.526,10.486,10.486,10.41,3.0,alvo_solo,-0.5,5.8178,1,1,altura,-0.04,-0.076,-0.1828,-0.166,0.26594,2.6929,2.7132,solo_027_h10.5_r2.5,0.1409,0.2175,-0.2868,0.2997,0.0871,-0.3071,0.3128,0.0594,IN_AIR,10.486,-2.3394,0.9766,27,286,5.263,solo,,-1.636,-0.4406,-0.4129,0.0,321,197,432,242,2.532,0.0552,-2.3394,1.0846,1,44.03,1,0.0061,0.697,14.92,12.594,63.226,75.819,0.05
7.199,7.15,7.15,8.048,3.0,alvo_solo,-0.5,3.6118,1,1,toque,-0.049,0.898,-0.2098,-0.2315,0.26538,3.291,3.29,solo_028_h7.2_r2.3,0.0617,0.2771,0.29,0.3568,0.2079,0.291,0.3567,0.2063,IN_AIR,7.15,2.1681,0.9602,28,134,0.941,solo,,-1.547,-0.2937,-0.2921,0.0,564,178,422,252,2.31,0.0549,2.1681,1.0682,1,64.57,1,0.0069,0.635,15.105,8.904,26.412,35.317,0.05
15.622,15.57,15.57,15.432,3.0,alvo_solo,-0.5,1.884,1,1,altura,-0.052,-0.138,-0.1421,-0.1691,0.26513,3.104,3.0961,solo_029_h15.6_r6.0,0.1085,0.1862,0.0961,0.2212,0.1992,0.104,0.2313,0.2066,IN_AIR,15.57,1.8211,-5.5981,29,115,1.156,solo,,5.194,-0.2934,-0.3008,0.0,478,406,426,244,5.985,0.0603,1.8211,-5.4901,1,29.65,1,0.0096,0.767,15.061,20.09,10.16,30.251,0.0674
11.398,11.375,11.375,11.316,3.0,alvo_solo,-0.5,3.0265,1,1,altura,-0.023,-0.059,-0.1858,-0.1693,0.26567,3.2061,3.1864,solo_030_h11.4_r1.9,0.0156,0.2232,0.1864,0.204,-0.083,0.2061,0.212,-0.0497,IN_AIR,11.375,1.8724,-0.3942,30,153,1.091,solo,,-0.279,-0.5497,-0.583,0.0,500,256,423,244,1.922,0.0503,1.8724,-0.2862,1,40.59,1,0.0071,0.7,15.168,14.774,25.629,40.403,0.05
